stop_id,state_code,Train_Station,Street_Name,Street_Type,Entrance_Type,LAT,LONG,Exit_Number
0,NSW,Aberdeen,Macqueen,St,Stairs,-32.16689969,150.8919751,
1,NSW,Aberdeen,Macqueen,St,Ramp,-32.16688641,150.8919573,
2,NSW,Adamstown,Park,Ave,Path,-32.9337056,151.7204518,
3,NSW,Adamstown,St James,Rd,Stairs,-32.93341396,151.7203632,
4,NSW,Adamstown,St James,Rd,Ramp,-32.93340162,151.7203474,
5,NSW,Adamstown,Park,Ave,Path,-32.93382729,151.7202364,
6,NSW,Albion Park,Burroo,St,Ramp,-34.56340933,150.79939,
7,NSW,Albion Park,Princes,Hwy,Ramp,-34.56350712,150.79918930000002,
8,NSW,Albion Park,Princes,Hwy,Stairs,-34.56293995,150.798574,
9,NSW,Albion Park,Princes,Hwy,Ramp,-34.56278202,150.7984185,
10,NSW,Allawah,Railway,Pde,Ramp,-33.96996874,151.11494480000002,
11,NSW,Allawah,Roberts,Lane,Ramp,-33.96953727,151.1146945,
12,NSW,Allawah,Roberts,Lane,Stairs,-33.96949011,151.11456669999998,
13,NSW,Allawah,Railway,Pde,Lift,-33.96987782,151.1144352,
14,NSW,Allawah,Railway,Pde,Ramp,-33.96988689,151.1142405,
15,NSW,Arlington LR,Grove,St,Path,-33.9020453,151.1381593,
16,NSW,Arlington LR,Constitution,Rd,Path,-33.902049700000006,151.13804340000002,
17,NSW,Arncliffe,The Arcade,,Stairs,-33.93692447,151.1474278,
18,NSW,Arncliffe,The Arcade,,Lift,-33.93696302,151.1474227,
19,NSW,Arncliffe,Firth,St,Lift,-33.93677457,151.1468602,
20,NSW,Arncliffe,Firth,St,Stairs,-33.93671781,151.1468509,
21,NSW,Artarmon,Valetta,Lane,Ramp,-33.80823377,151.1847419,
22,NSW,Artarmon,Hampden,Rd,Lift,-33.80875941,151.1847201,
23,NSW,Artarmon,Hampden,Rd,Stairs,-33.80854065,151.1844285,
24,NSW,Ashfield,Station,St,Lift,-33.88744211,151.1259581,
25,NSW,Ashfield,Station,St,Stairs,-33.88739665,151.1258025,
26,NSW,Ashfield,Brown,St,Lift,-33.88789161,151.1257974,
27,NSW,Ashfield,Brown ,St,Stairs,-33.887775,151.1255397,
28,NSW,Asquith,Haldane,St,Path,-33.68869132,151.1082656,
29,NSW,Asquith,Pacific,Hwy,Ramp,-33.68848916,151.1079991,
30,NSW,Auburn,Rawson,St,Ramp,-33.8492876,151.03329140000002,
31,NSW,Auburn,South,Pde,Stairs,-33.849663,151.03291919999998,
32,NSW,Auburn,South,Pde,Ramp,-33.84946375,151.03272090000002,
33,NSW,Austinmer,Gilchrist,St,Path,-34.306520500000005,150.9293511,
34,NSW,Austinmer,Railway,Ave,Path,-34.30650136,150.9289071,
35,NSW,Awaba,Adelaide,St,Ramp,-33.0129167,151.5421589,
36,NSW,Awaba,Adelaide,St,Path,-33.01291676,151.54213280000002,
37,NSW,Awaba,Wilton,Rd,Ramp,-33.01310914,151.5420747,
38,NSW,Banksia,Hattersley,St,Ramp,-33.94490035,151.140849,
39,NSW,Banksia,Railway,St,Ramp,-33.94479129,151.1404987,
40,NSW,Banksia,Railway,St,Stairs,-33.94488347,151.14044819999998,
41,NSW,Bankstown,North,Tce,Ramp,-33.91768635,151.03426969999998,
42,NSW,Bankstown,Bankstown City,Plza,Path,-33.91805216,151.03411,
43,NSW,Bankstown,Bankstown City,Plza,Path,-33.91778824,151.0337625,
44,NSW,Bardwell Park,Hartill Law,Ave,Stairs,-33.93137824,151.125379,
45,NSW,Bargo,Great Southern,Rd,Path,-34.29097858,150.58017560000002,
46,NSW,Bargo,Great Southern,Rd,Ramp,-34.29098411,150.5801501,
47,NSW,Bargo,Railside,Ave,Ramp,-34.29100778,150.58002050000002,
48,NSW,Bargo,Railside,Ave,Path,-34.29104476,150.58000769999998,
49,NSW,Beecroft,Sutherland,Rd,Path,-33.74921627,151.0667339,
50,NSW,Beecroft,Wongala,Cres,Path,-33.74904472,151.0663377,
51,NSW,Beecroft,Wongala,Cres,Path,-33.74923381,151.0662247,
52,NSW,Bell,Sandham ,Rd,Ramp,-33.5061656,150.27936119999998,
53,NSW,Bell,Chiefley,Rd,Stairs,-33.50623435,150.2790794,
54,NSW,Bellambi,Bellambi,Lane,Ramp,-34.36261281,150.9101311,
55,NSW,Belmore,Burwood,Rd,Lift,-33.91724884,151.08833719999998,
56,NSW,Belmore,Burwood,Rd,Stairs,-33.91722736,151.0883244,
57,NSW,Berala,Campbell,St,Path,-33.8719773,151.0328288,
58,NSW,Berala,Woodburn,Rd,Path,-33.87139384,151.0323272,
59,NSW,Beresfield,Lawson,Ave,Stairs,-32.79940714,151.6585784,
60,NSW,Beresfield,Addison,St,Stairs,-32.79958398,151.658334,
61,NSW,Beresfield,Addison,St,Lift,-32.79947121,151.6581617,
62,NSW,Berowra,Pacific,Hwy,Ramp,-33.62291449,151.1535638,
63,NSW,Berowra,Pacific,Hwy,Ramp,-33.62300205,151.1531421,
64,NSW,Berry,Station,Rd,Path,-34.78027342,150.69672350000002,
65,NSW,Beverly Hills,King Georges,Rd,Stairs,-33.94914069,151.0808676,
66,NSW,Beverly Hills,King Georges,Rd,Lift,-33.94913026,151.0808291,
67,NSW,Beverly Hills,King Georges,Rd,Stairs,-33.94926254,151.0804784,
68,NSW,Bexley North,Bexley,Rd,Stairs,-33.9374812,151.1139261,
69,NSW,Birrong,Avalon,St,Stairs,-33.89253644,151.0243134,
70,NSW,Blackheath,Great Western,Hwy,Stairs,-33.63397248,150.28459030000002,
71,NSW,Blackheath,Station,St,Stairs,-33.63400546,150.2842535,
72,NSW,Blacktown,First,Ave,Stairs,-33.76777702,150.9080196,3.0
73,NSW,Blacktown,First,Ave,Stairs,-33.7677336,150.90796890000001,3.0
74,NSW,Blacktown,First,Ave,Lift,-33.76775412,150.9079614,3.0
75,NSW,Blacktown,Jim Simpson,Lane,Stairs,-33.76894183,150.9073054,2.0
76,NSW,Blacktown,Jim Simpson,Lane,Escalators,-33.76896727,150.9072963,2.0
77,NSW,Blacktown,Old Richmond,Rd,Lift,-33.7678292,150.9071472,4.0
78,NSW,Blacktown,Patrick,St,Lift,-33.76889928,150.9070828,1.0
79,NSW,Blacktown,Patrick,St,Stairs,-33.76903303,150.90698989999999,1.0
80,NSW,Blacktown,Old Richmond,Rd,Stairs,-33.76779802,150.9069245,4.0
81,NSW,Blaxland,Wilson,Way,Lift,-33.74369934,150.60996269999998,
82,NSW,Blaxland,Wilson,Way,Stairs,-33.74366205,150.60980580000003,
83,NSW,Blaxland,Great Western,Hwy,Stairs,-33.7438036,150.6096862,
84,NSW,Blaxland,Great Western,Hwy,Ramp,-33.74411767,150.60938869999998,
85,NSW,Blaxland,Great Western,Hwy,Stairs,-33.74404944,150.6093287,
86,NSW,Bomaderry,Meroo,St,Path,-34.85374494,150.60977019999999,
87,NSW,Bombo,Princes,Hwy,Stairs,-34.65868669,150.8537686,
88,NSW,Bombo,Princes,Hwy,Ramp,-34.65885576,150.8537564,
89,NSW,Bondi Junction,Grafton,St,Stairs,-33.89103017,151.24859650000002,
90,NSW,Bondi Junction,Rowe,St,Ramp,-33.89186986,151.24836630000001,
91,NSW,Bondi Junction,Grafton,St,Stairs,-33.89099409,151.2482086,
92,NSW,Booragul,Fourth,St,Ramp,-32.97169903,151.605168,
93,NSW,Booragul,Station,St,Ramp,-32.97190014,151.60479080000002,
94,NSW,Bowral,Station,St,Path,-34.47792483,150.4169743,
95,NSW,Bowral,Kirkham ,Rd,Path,-34.47763745,150.4167974,
96,NSW,Bowral,Wingercarribee,St,Stairs,-34.47841685,150.4165949,
97,NSW,Bowral,Wingercarribee,St,Lift,-34.47837068,150.4165765,
98,NSW,Bowral,Wingercarribee,St,Lift,-34.47827715,150.41639469999998,
99,NSW,Bowral,Kirkham ,Rd,Stairs,-34.47822202,150.41637930000002,
100,NSW,Branxton,Railway,St,Ramp,-32.66221027,151.3459324,
101,NSW,Branxton,Railway,St,Ramp,-32.66209242,151.3455358,
102,NSW,Broadmeadow,Graham,Rd,Stairs,-32.92269277,151.7354129,
103,NSW,Broadmeadow,Brown,Rd,Ramp,-32.92216413,151.73522130000003,
104,NSW,Broadmeadow,Graham,Rd,Ramp,-32.92289153,151.7350658,
105,NSW,Broadmeadow,Brown,Rd,Stairs,-32.92236891,151.7349462,
106,NSW,Bullaburra,Great Western,Hwy,Ramp,-33.72351988,150.4152013,
107,NSW,Bullaburra,Railway,Pde,Stairs,-33.72316759,150.41498909999999,
108,NSW,Bulli,Park,Rd,Lift,-34.33384472,150.9150696,
109,NSW,Bulli,Park,Rd,Lift,-34.3338201,150.9149316,
110,NSW,Bulli,Franklin,Ave,Path,-34.33428666,150.91491430000002,
111,NSW,Bulli,Railway,St,Path,-34.33433961,150.9146887,
112,NSW,Bundanoon,Erith,St,Ramp,-34.6557524,150.2997407,
113,NSW,Bundanoon,Church,St,Path,-34.65604988,150.29957280000002,
114,NSW,Burradoo,Burradoo,Rd,Path,-34.49418601,150.39812959999998,
115,NSW,Burradoo,Burradoo,Rd,Ramp,-34.49418573,150.3978582,
116,NSW,Burwood,Burwood,Rd,Stairs,-33.87704552,151.1038525,
117,NSW,Burwood,Burwood,Rd,Path,-33.87718853,151.1038248,
118,NSW,Cabramatta,Broomfield,St,Lift,-33.89464265,150.93910469999997,
119,NSW,Cabramatta,Broomfield,St,Stairs,-33.89480632,150.93904809999998,
120,NSW,Cabramatta,Railway,Pde,Lift,-33.89459892,150.93881340000002,
121,NSW,Cabramatta,Railway,Pde,Ramp,-33.89494229,150.9387321,
122,NSW,Cabramatta,Railway,Pde,Path,-33.89510227,150.9386596,
123,NSW,Camellia,Grand,Ave,Ramp,-33.81918103,151.024141,
124,NSW,Campbelltown,Railway,St,Ramp,-34.06418971,150.8148139,
125,NSW,Campbelltown,Hurley,St,Lift,-34.06359144,150.8147393,
126,NSW,Campbelltown,Hurley,St,Path,-34.06369952,150.81462280000002,
127,NSW,Campbelltown,Hurley,St,Stairs,-34.06367954,150.81461409999997,
128,NSW,Campbelltown,Farrow,Rd,Stairs,-34.06302424,150.81440969999997,
129,NSW,Campbelltown,Hurley,St,Lift,-34.06320084,150.81430880000002,
130,NSW,Campbelltown,Farrow,Rd,Stairs,-34.06332332,150.8140219,
131,NSW,Campsie,Beamish,St,Ramp,-33.91049597,151.103574,
132,NSW,Campsie,Beamish,St,Ramp,-33.91039285,151.10355769999998,
133,NSW,Canley Vale,First,Ave,Stairs,-33.88744308,150.9436897,
134,NSW,Canley Vale,First,Ave,Ramp,-33.88746282,150.94362969999997,
135,NSW,Canley Vale,Railway,Pde,Stairs,-33.88723441,150.9434805,
136,NSW,Canley Vale,Railway,Pde,Ramp,-33.88734662,150.94341980000002,
137,NSW,Canterbury,Canterbury,Rd,Path,-33.912116299999994,151.11901369999998,
138,NSW,Capitol Square LR,Hay,St,Path,-33.87970841,151.2055584,
139,NSW,Capitol Square LR,Hay,St,Path,-33.87980415,151.205512,
140,NSW,Cardiff,Main,Rd,Path,-32.9412794,151.66281980000002,
141,NSW,Cardiff,Mary,St,Stairs,-32.94145731,151.6623011,
142,NSW,Cardiff,Mary,St,Lift,-32.94140925,151.6622554,
143,NSW,Caringbah,Kingsway,,Lift,-34.04162513,151.1219142,
144,NSW,Caringbah,Kingsway,,Stairs,-34.04157881,151.121856,
145,NSW,Carlingford,Lloyds,Ave,Path,-33.78217116,151.047273,
146,NSW,Carlingford,James,St,Path,-33.7821273,151.04684419999998,
147,NSW,Carlingford,Lloyds,Ave,Ramp,-33.78270924,151.046786,
148,NSW,Carlingford,Lloyds,Ave,Path,-33.78287488,151.0466571,
149,NSW,Carlingford,Pennant Hills,Rd,Path,-33.78304357,151.04635109999998,
150,NSW,Carlton,Railway,Pde,Lift,-33.96842236,151.1245362,
151,NSW,Carlton,Carlton,Pde,Lift,-33.96801021,151.1243905,
152,NSW,Carlton,Railway,Pde,Stairs,-33.96846874,151.12434419999997,
153,NSW,Carlton,Carlton,Pde,Stairs,-33.96809212,151.12423769999998,
154,NSW,Carlton,Carlton,Pde,Ramp,-33.96798067,151.1241795,
155,NSW,Carramar,Sandal,Cres,Path,-33.88476847,150.96072980000002,
156,NSW,Carramar,Carramar,Ave,Path,-33.88431636,150.9605645,
157,NSW,Casula,Casula,Rd,Stairs,-33.95004957,150.9121379,
158,NSW,Casula,Casula,Rd,Lift,-33.95035283,150.91207980000001,
159,NSW,Casula,Casula,Rd,Lift,-33.950187400000004,150.9117283,
160,NSW,Casula,Casula,Rd,Path,-33.95036803,150.91170580000002,
161,NSW,Casula,Casula,Rd,Stairs,-33.95032929999999,150.9116866,
162,NSW,Central,Elizabeth,St,Ramp,-33.88352173,151.2079563,4.0
163,NSW,Central,Elizabeth,St,Lift,-33.88371032,151.20789950000002,5.0
164,NSW,Central,Elizabeth,St,Stairs,-33.88378577,151.207862,5.0
165,NSW,Central,Eddy,Ave,Stairs,-33.88302433,151.2070762,3.0
166,NSW,Central,Eddy,Ave,Escalators,-33.883208200000006,151.20701119999998,3.0
167,NSW,Central,Eddy,Ave,Lift,-33.88353624,151.20697109999998,3.0
168,NSW,Central,Eddy,Ave,Path,-33.88253976,151.2068849,2.0
169,NSW,Central,Chalmers,St,Lift,-33.88541283,151.2068475,6.0
170,NSW,Central,Chalmers,St,Escalators,-33.88544474,151.206822,6.0
171,NSW,Central,Chalmers,St,Stairs,-33.88547844,151.20679009999998,6.0
172,NSW,Central,Eddy,Ave,Path,-33.88233009,151.2065038,2.0
173,NSW,Central,Eddy,Ave,Stairs,-33.88210298,151.2061254,
174,NSW,Central,Eddy,Ave,Escalators,-33.88213747,151.20609869999998,
175,NSW,Central,Pitt,St,Path,-33.88236674,151.2058136,1.0
176,NSW,Central,Lee,St,Path,-33.88398512,151.20426630000003,7.0
177,NSW,Chatswood,Post Office,Lane,Stairs,-33.79722746,151.1814421,
178,NSW,Chatswood,Post Office,Lane,Escalators,-33.79718558,151.18142869999997,
179,NSW,Chatswood,Orchard,Rd,Stairs,-33.79677523,151.1813805,
180,NSW,Chatswood,Orchard,Rd,Escalators,-33.79673649,151.1813641,
181,NSW,Chatswood,Post Office,Lane,Lift,-33.79717607,151.1813031,
182,NSW,Chatswood,Thomas,St,Lift,-33.79765173,151.1812637,
183,NSW,Chatswood,Thomas,St,Stairs,-33.79766719,151.18118130000002,
184,NSW,Chatswood,Orchard,Rd,Lift,-33.79673526,151.1811761,
185,NSW,Chatswood,Railway,St,Lift,-33.79689881,151.1807121,
186,NSW,Chatswood,Thomas,Lane,Lift,-33.7979301,151.18069330000003,
187,NSW,Chatswood,Railway,St,Stairs,-33.79709534,151.18067380000002,
188,NSW,Chatswood,Thomas,St,Stairs,-33.797903000000005,151.180647,
189,NSW,Chatswood,Railway,St,Escalators,-33.79705047,151.1805363,
190,NSW,Chatswood,Railway,St,Stairs,-33.79701563,151.1805215,
191,NSW,Cheltenham,Cheltenham,Rd,Stairs,-33.75539745,151.0781497,
192,NSW,Cheltenham,Cheltenham,Rd,Lift,-33.75543909,151.0781092,
193,NSW,Chester Hil,Chester Hill,Rd,Path,-33.88368818,151.00046269999999,
194,NSW,Circular Quay,Alfred,St,Stairs,-33.86146378,151.21079450000002,
195,NSW,Circular Quay,Alfred,St,Escalators,-33.86127776,151.2107739,
196,NSW,Circular Quay,Alfred,St,Escalators,-33.86143954,151.2107457,
197,NSW,Circular Quay,Alfred,St,Lift,-33.86124347,151.2107343,
198,NSW,Circular Quay,Alfred,St,Lift,-33.86146637,151.2107121,
199,NSW,Circular Quay,Alfred,St,Stairs,-33.86131441,151.21065919999998,
200,NSW,Circular Quay,Alfred,St,Stairs,-33.86131245,151.2106239,
201,NSW,Circular Quay,Alfred,St,Stairs,-33.86138049,151.21061559999998,
202,NSW,Circular Quay,Alfred,St,Escalators,-33.86125995,151.2105656,
203,NSW,Circular Quay,Alfred,St,Escalators,-33.86139905,151.2103289,
204,NSW,Clarendon,Racecource,Rd,Ramp,-33.60844245,150.7878928,
205,NSW,Clarendon,Racecource,Rd,Path,-33.60848854,150.787844,
206,NSW,Clarendon,Racecource,Rd,Ramp,-33.60859421,150.7877637,
207,NSW,Clyde,Berry,St,Ramp,-33.83554673,151.0170387,1.0
208,NSW,Clyde,Factory,St,Ramp,-33.83606198,151.0165639,2.0
209,NSW,Coalcliff,Lawrence Hargrave ,Dr,Stairs,-34.24253571,150.97705200000001,
210,NSW,Cockle Creek,Lake,Rd,Stairs,-32.94246711,151.62443059999998,
211,NSW,Cockle Creek,Creek Reserve,Rd,Path,-32.94287548,151.62381259999998,
212,NSW,Coledale,Cater,St,Stairs,-34.28989285,150.94303100000002,
213,NSW,Como,Railway,Rd,Stairs,-34.00454075,151.0683305,
214,NSW,Como,Railway,Rd,Stairs,-34.00437623,151.068248,
215,NSW,Como,Como,Pde,Ramp,-34.00447157,151.0676891,
216,NSW,Concord West,Queen,St,Stairs,-33.84809272,151.08595259999998,
217,NSW,Concord West,Queen,St,Lift,-33.84803171,151.0859019,
218,NSW,Concord West,King,St,Stairs,-33.84821375,151.0852126,
219,NSW,Concord West,King,St,Lift,-33.84808986,151.08519950000002,
220,NSW,Concord West,King,St,Stairs,-33.84795404,151.08519040000002,
221,NSW,Coniston,Bridge,St,Stairs,-34.43823905,150.8851205,
222,NSW,Coniston,Gladsone,Ave,Ramp,-34.43796566,150.88484499999998,
223,NSW,Convention Centre LR,Darling,Dr,Ramp,-33.87286403,151.1981517,
224,NSW,Corrimal,Duff,Pde,Path,-34.37549456,150.9051489,
225,NSW,Corrimal,Railway,St,Path,-34.37567312,150.9048905,
226,NSW,Cowan,Pacific,Hwy,Ramp,-33.59298034,151.171638,
227,NSW,Cowan,Pacific,Hwy,Ramp,-33.5937893,151.17156509999998,
228,NSW,Cringila,Central,Rd,Stairs,-34.46708061,150.8799583,
229,NSW,Cringila,Five Island,Rd,Stairs,-34.46737362,150.87827230000002,
230,NSW,Cronulla,Cronulla,St,Path,-34.05684046,151.1517217,
231,NSW,Cronulla,Cronulla,St,Path,-34.05572731,151.1515991,
232,NSW,Cronulla,Cronulla,St,Path,-34.05535773,151.15143480000003,
233,NSW,Croydon,Hennessy,St,Ramp,-33.88283666,151.11551540000002,
234,NSW,Croydon,Paisley,Rd,Stairs,-33.8831857,151.1150828,
235,NSW,Dapto,Station,St,Path,-34.4923588,150.7922224,
236,NSW,Dapto,Staiton,St,Path,-34.49307785,150.79183390000003,
237,NSW,Dapto,Bong Bong,Rd,Path,-34.49348285,150.7914602,
238,NSW,Dapto,Bong Bong,Rd,Path,-34.493435,150.7913065,
239,NSW,Denistone,Gordon,Cres,Path,-33.79951928,151.08675390000002,
240,NSW,Domestic,Keith Smith,Ave,Stairs,-33.93362671,151.1805736,
241,NSW,Domestic,Keith Smith,Ave,Lift,-33.93356911,151.1805681,
242,NSW,Domestic,Keith Smith,Ave,Stairs,-33.93400809,151.1801419,
243,NSW,Domestic,Keith Smith,Ave,Escalators,-33.93400343,151.18011330000002,
244,NSW,Domestic,Keith Smith,Ave,Lift,-33.93398698,151.18004960000002,
245,NSW,Doonside,School,Pde,Ramp,-33.76401541,150.8692816,
246,NSW,Doonside,Cross,St,Ramp,-33.76362795,150.8692347,
247,NSW,Dora Creek,Main,Rd,Path,-33.083823100000004,151.5010419,
248,NSW,Dora Creek,Newport,Rd,Stairs,-33.08411433,151.5008644,
249,NSW,Dora Creek,Newport,Rd,Stairs,-33.08402158,151.500698,
250,NSW,Douglas Park,Camden,Rd,Path,-34.18323382,150.71054660000001,
251,NSW,Douglas Park,Camden,Rd,Path,-34.18330344,150.7105388,
252,NSW,Dulwich Grove LR,New Canterbury,Rd,Stairs,-33.904761,151.1390021,
253,NSW,Dulwich Grove LR,New Canterbury,Rd,Lift,-33.9047721,151.1389753,
254,NSW,Dulwich Hill LR,Bedford,Cres,Stairs,-33.910671799999996,151.14058469999998,
255,NSW,Dulwich Hill LR,Bedford,Cres,Lift,-33.9106266,151.14055580000002,
256,NSW,Dundas,Station,St,Path,-33.80402698,151.0331103,
257,NSW,Dundas,Kissing Point,Rd,Ramp,-33.80388354,151.0329178,
258,NSW,Dundas,Kissing Point,Rd,Stairs,-33.80389499,151.0328954,
259,NSW,Dundas,Kissing Point,Rd,Path,-33.80339752,151.032467,
260,NSW,Dungog,Brown,St,Ramp,-32.40255754,151.759385,
261,NSW,Dungog,Brown,St,Stairs,-32.40249309,151.759251,
262,NSW,East Hills,Thompson,Lane,Path,-33.96201112,150.9847269,
263,NSW,East Hills,Park,Rd,Ramp,-33.96157358,150.9844493,
264,NSW,East Hills,Park,Rd,Stairs,-33.96164228,150.9843435,
265,NSW,East Hills,Park,Rd,Ramp,-33.96173087,150.98425519999998,
266,NSW,East Maitland,Melbourne,St,Stairs,-32.74457268,151.58747409999998,
267,NSW,East Richmond,Bourke,St,Ramp,-33.60180319,150.7588294,
268,NSW,East Richmond,Bourke,St,Stairs,-33.6017457,150.7587291,
269,NSW,Eastwood,Railway,Pde,Ramp,-33.78992993,151.08266709999998,
270,NSW,Eastwood,Railway,Pde,Ramp,-33.79041058,151.0826361,
271,NSW,Eastwood,Railway,Pde,Lift,-33.79017064,151.0825639,
272,NSW,Eastwood,West,Pde,Lift,-33.79014905,151.08200219999998,
273,NSW,Eastwood,West,Pde,Path,-33.79014802,151.0819726,
274,NSW,Edgecliff,New South Head,Rd,Path,-33.87893677,151.236154,
275,NSW,Edmondson Park,Soliders,Pde,Lift,-33.96930476,150.8588642,
276,NSW,Edmondson Park,Soliders,Pde,Stairs,-33.96936246,150.8588449,
277,NSW,Emu Plains,Old Bathurst,Rd,Stairs,-33.74577768,150.6714125,
278,NSW,Emu Plains,Mackellar,St,Stairs,-33.74552422,150.6713807,
279,NSW,Emu Plains,Old Bathurst,Rd,Lift,-33.74582701,150.6713326,
280,NSW,Emu Plains,Mackellar,St,Lift,-33.74565742,150.67128359999998,
281,NSW,Engadine,Princes,Hwy,Ramp,-34.06753979,151.0148428,
282,NSW,Engadine,Princes,Hwy,Ramp,-34.06719539,151.0147353,
283,NSW,Engadine,Princes,Hwy,Lift,-34.06776904,151.0146815,
284,NSW,Engadine,Princes,Hwy,Lift,-34.06738183,151.01455159999998,
285,NSW,Epping,Langston,Pl,Path,-33.77254801,151.0822785,
286,NSW,Epping,Beecroft,Rd,Stairs,-33.77284112,151.0818724,
287,NSW,Epping,Beecroft,Rd,Lift,-33.77265225,151.0818045,
288,NSW,Epping,Beecroft,Rd,Stairs,-33.77291584,151.0816408,
289,NSW,Epping,Beecroft,Rd,Lift,-33.77272037,151.0815679,
290,NSW,Ersineville,Erskineville,Rd,Path,-33.90005302,151.1855565,
291,NSW,Exeter,Ringwood,Rd,Path,-34.61346677,150.31779980000002,
292,NSW,Exeter,Bundanoon,Rd,Path,-34.61337723,150.3173592,
293,NSW,Exhibition Centre LR,Darling,Dr,Ramp,-33.87677819,151.1994751,
294,NSW,Exhibition Centre LR,Pyrmont,St,Stairs,-33.87678771,151.19925039999998,
295,NSW,Fairfield,Dale,St,Path,-33.87255271,150.957049,
296,NSW,Fairfield,Dale,St,Stairs,-33.87250991,150.95700680000002,
297,NSW,Fairfield,The Crescent,,Path,-33.87228222,150.9568998,
298,NSW,Fairfield,The Crescent,,Stairs,-33.87238918,150.9568642,
299,NSW,Fairfield,Dale,St,Lift,-33.87264464,150.9568189,
300,NSW,Fairfield,The Crescent,,Lift,-33.87249718,150.956712,
301,NSW,Fairy Meadow,Elliotts,Rd,Stairs,-34.39509691,150.8965771,
302,NSW,Fairy Meadow,Elliotts,Rd,Stairs,-34.39505996,150.8964522,
303,NSW,Fassifern,Tucker,Cl,Ramp,-32.98567466,151.5812081,
304,NSW,Fassifern,Tucker,Cl,Stairs,-32.98568106,151.5811753,
305,NSW,Fassifern,Tucker,Cl,Ramp,-32.98557663,151.58084169999998,
306,NSW,Faulconbridge,Great Western,Hwy,Ramp,-33.69681647,150.5349352,
307,NSW,Faulconbridge,Great Western,Hwy,Stairs,-33.69678014,150.5349261,
308,NSW,Faulconbridge,Great Western,Hwy,Stairs,-33.69654047,150.534819,
309,NSW,Faulconbridge,Great Western,Hwy,Stairs,-33.69633199,150.53456699999998,
310,NSW,Faulconbridge,Great Western,Hwy,Ramp,-33.69636984,150.53443090000002,
311,NSW,Fish Market LR,Miller,St,Path,-33.87046367,151.1921783,
312,NSW,Fish Market LR,Miller,St,Path,-33.87076898,151.1916529,
313,NSW,Flemington,The Crescent,,Stairs,-33.86515478,151.0706765,
314,NSW,Flemington,The Crescent,,Stairs,-33.86389281,151.07023909999998,
315,NSW,Gerringong,Belinda,St,Ramp,-34.74477882,150.8176504,
316,NSW,Glebe LR,Burton,St,Stairs,-33.87707686,151.1875647,
317,NSW,Glebe LR,Bayview,St,Ramp,-33.87729496,151.187253,
318,NSW,Glenbrook,Burfitt,Pde,Ramp,-33.76902646,150.6212638,
319,NSW,Glenfield,Railway,Pde,Stairs,-33.97207776,150.8935775,
320,NSW,Glenfield,service road,,Stairs,-33.97173912,150.893269,
321,NSW,Glenfield,Railway,Pde,Lift,-33.97228674,150.89325569999997,
322,NSW,Glenfield,service road,,Lift,-33.97183034,150.8931736,
323,NSW,Glenfield,Railway,Pde,Stairs,-33.972475700000004,150.8931251,
324,NSW,Gordon,Werona,Ave,Ramp,-33.75598413,151.15486409999997,
325,NSW,Gordon,Werona,Ave,Ramp,-33.75535054,151.154396,
326,NSW,Gordon,St Johns,Ave,Stairs,-33.75612016,151.15417580000002,
327,NSW,Gordon,St Johns,Ave,Ramp,-33.75596499,151.1540965,
328,NSW,Gordon,Wade,Lane,Ramp,-33.75568255,151.1539778,
329,NSW,Gosford,Burns,Cres,Lift,-33.42348002,151.34194430000002,
330,NSW,Gosford,Burns,Cres,Stairs,-33.42348165,151.341911,
331,NSW,Gosford,Showground,Rd,Stairs,-33.423330199999995,151.3414142,
332,NSW,Gosford,Showground,Rd,Path,-33.42338314,151.3414013,
333,NSW,Goulburn,Sloane,St,Path,-34.75901982,149.7205882,
334,NSW,Goulburn,Park,Rd,Path,-34.75812698,149.7192494,
335,NSW,Granville,Memorial,Dr,Ramp,-33.832776700000004,151.0114916,
336,NSW,Granville,Memorial,Dr,Ramp,-33.83290042,151.0114055,
337,NSW,Green Square,Botany,Rd,Stairs,-33.90596608,151.2030771,
338,NSW,Green Square,Botany,Rd,Stairs,-33.90581837,151.20303140000001,
339,NSW,Green Square,O'Riordan,St,Escalators,-33.90627864,151.20269340000002,
340,NSW,Green Square,O'Riordan,St,Lift,-33.90621492,151.2025402,
341,NSW,Greta,Nelson,St,Ramp,-32.68678796,151.384282,
342,NSW,Greta,Mansfield,St,Ramp,-32.68667582,151.3840538,
343,NSW,Guildford,Railway,Tce,Ramp,-33.854233,150.9846821,
344,NSW,Guildford,Military,Rd,Ramp,-33.8538226,150.984647,
345,NSW,Guildford,Railway,Tce,Stairs,-33.85444912,150.9845955,
346,NSW,Guildford,Railway,Tce,Lift,-33.85456824,150.9844866,
347,NSW,Guildford,Military,Rd,Ramp,-33.85416769,150.98440369999997,
348,NSW,Guildford,Military,Rd,Stairs,-33.85425733,150.9843285,
349,NSW,Guildford,Military,Rd,Stairs,-33.85433088,150.98427769999998,
350,NSW,Guildford,Military,Rd,Lift,-33.85449232,150.984227,
351,NSW,Gymea,Gymea Bay,Rd,Lift,-34.03490791,151.08520819999998,
352,NSW,Gymea,Gymea Bay,Rd,Stairs,-34.03487034,151.0851825,
353,NSW,Hamilton,Beaumont ,St,Stairs,-32.91802537,151.74851130000002,
354,NSW,Hamilton,Beaumont ,St,Ramp,-32.9185304,151.7483975,
355,NSW,Hamilton,Beaumont ,St,Stairs,-32.91838537,151.7482699,
356,NSW,Hamilton,Beaumont ,St,Ramp,-32.91841859,151.7482552,
357,NSW,Harris Park,Marion,St,Ramp,-33.82335758,151.00793259999998,
358,NSW,Harris Park,Station W,St,Stairs,-33.82326239,151.0074636,
359,NSW,Hawkesbury River,Danger,Rd,Stairs,-33.54700863,151.22671509999998,
360,NSW,Hawkesbury River,Danger,Rd,Stairs,-33.54710145,151.2265988,
361,NSW,Hawthorne LR,Darley,Rd,Path,-33.87958216,151.14755019999998,
362,NSW,Hawthorne LR,Darley,Rd,Path,-33.8795003,151.1471067,
363,NSW,Hazelbrook,Great Western,Hwy,Stairs,-33.72353033,150.454573,
364,NSW,Hazelbrook,Great Western,Hwy,Ramp,-33.72308654,150.454017,
365,NSW,Hazelbrook,Railway,Pde,Path,-33.72367342,150.45396730000002,
366,NSW,Heathcote,Wilson,Pde,Path,-34.08792484,151.0084291,
367,NSW,Heathcote,Wilson,Pde,Ramp,-34.08793975,151.00841440000002,
368,NSW,Heathcote,Princes,Hwy,Ramp,-34.087785600000004,151.008298,
369,NSW,Heathcote,Princes,Hwy,Path,-34.08780235,151.0082859,
370,NSW,Helensburgh,Tunnel,Rd,Lift,-34.17718912,150.9942468,
371,NSW,Helensburgh,Tunnel,Rd,Stairs,-34.17714736,150.99408590000002,
372,NSW,Hexham,Maitland ,Rd,Stairs,-32.8287522,151.68431999999999,
373,NSW,High Street,High,St,Stairs,-32.7413273,151.5644242,
374,NSW,High Street,Le Darcy,Dr,Ramp,-32.74197207,151.5641955,
375,NSW,Hilldale,Hilldale,Rd,Ramp,-32.50448435,151.64980500000001,
376,NSW,Holsworthy,The Boulevarde,,Stairs,-33.96292706,150.9565045,
377,NSW,Holsworthy,The Boulevarde,,Ramp,-33.96297936,150.9564564,
378,NSW,Holsworthy,The Boulevarde,,Lift,-33.96282915,150.95635190000002,
379,NSW,Homebush,Loftus,Cres,Stairs,-33.86641951,151.0864214,
380,NSW,Homebush,The Crescent,,Ramp,-33.866968,151.0861075,
381,NSW,Homebush,The Crescent,,Stairs,-33.866926899999996,151.0860951,
382,NSW,Hornsby,Hunter,Lane,Ramp,-33.703839,151.099774,
383,NSW,Hornsby,George,St,Ramp,-33.70355385,151.09884269999998,
384,NSW,Hornsby,George,St,Stairs,-33.70356981,151.09883119999998,
385,NSW,Hornsby,George,St,Ramp,-33.70373548,151.0987466,
386,NSW,Hornsby,Station,St,Path,-33.70347962,151.0980916,
387,NSW,Dulwich Hill,Wardell,Rd,Stairs,-33.91105837,151.14114630000003,
388,NSW,Hurlstone Park,Duntroon,St,Path,-33.91018981,151.1325419,
389,NSW,Hurstville,Forest,Rd,Stairs,-33.96703441,151.10284769999998,
390,NSW,Hurstville,Ormonde,Pde,Stairs,-33.96768463,151.102359,
391,NSW,Hurstville,Ormonde,Pde,Lift,-33.96763205,151.10228850000001,
392,NSW,Hurstville,Forest,Rd,Ramp,-33.96651714,151.1019021,
393,NSW,Hurstville,Forest,Rd,Escalators,-33.96651714,151.1019021,
394,NSW,Ingleburn,Ingleburn,Rd,Stairs,-33.99743831,150.86487580000002,
395,NSW,Ingleburn,Ingleburn,Rd,Ramp,-33.99760206,150.8646186,
396,NSW,Ingleburn,Ingleburn,Rd,Stairs,-33.9978895,150.86437780000003,
397,NSW,Ingleburn,Stanley,Rd,Ramp,-33.99742169,150.86431330000002,
398,NSW,Ingleburn,Stanley,Rd,Stairs,-33.99757653,150.8640104,
399,NSW,International,Departure,Plza,Escalators,-33.93518102,151.166541,
400,NSW,International,Departure,Plza,Lift,-33.93520792,151.1664707,
401,NSW,International,Departure,Plza,Lift,-33.93519882,151.1664469,
402,NSW,Jannali,Railway,Cres,Ramp,-34.01609101,151.0648408,
403,NSW,Jannali,Railway,Cres,Path,-34.0158836,151.06475659999998,
404,NSW,Jannali,Mitchell,Ave,Ramp,-34.01599453,151.0643704,
405,NSW,John Street Square LR,Harris,St,Ramp,-33.86726224,151.1924304,
406,NSW,John Street Square LR,Harvey,St,Stairs,-33.86716237,151.192075,
407,NSW,Jubilee Park LR,Chapman,Rd,Stairs,-33.87532035,151.17861489999999,
408,NSW,Jubilee Park LR,Chapman,Rd,Ramp,-33.87533885,151.17859769999998,
409,NSW,Jubilee Park LR,Chapman,Rd,Ramp,-33.87556013,151.17836830000002,
410,NSW,Katoomba,Goldsmith,Pl,Ramp,-33.71194806,150.3121686,
411,NSW,Katoomba,Bathurst,Rd,Ramp,-33.71227605,150.3121389,
412,NSW,Katoomba,Bathurst,Rd,Lift,-33.712282200000004,150.3119825,
413,NSW,Katoomba,Bathurst,Rd,Stairs,-33.71225211,150.3117845,
414,NSW,Kembla Grange,West Dapto,,Ramp,-34.47012644,150.81779609999998,
415,NSW,Kiama,Railway,Pde,Path,-34.67259919,150.8543663,
416,NSW,Killara,Werona,Ave,Stairs,-33.76569485,151.16209990000002,
417,NSW,Killara,Culworth,Ave,Stairs,-33.76585281,151.16179730000002,
418,NSW,Kings Cross,Victoria,St,Stairs,-33.87403189,151.22250369999998,
419,NSW,Kings Cross,Victoria,St,Lift,-33.87426901,151.2222047,
420,NSW,Kings Cross,Victoria,St,Stairs,-33.87423751,151.2221958,
421,NSW,Kingsgrove,Kingsgrove,Rd,Stairs,-33.94037591,151.10108459999998,
422,NSW,Kingsgrove,Kingsgrove,Rd,Lift,-33.94048039,151.100874,
423,NSW,Kingsgrove,Kingsgrove,Rd,Stairs,-33.94045759,151.10085690000003,
424,NSW,Kingswood,Richmond,Rd,Ramp,-33.75823391,150.7202398,
425,NSW,Kingswood,Great Western ,Hwy,Lift,-33.75842616,150.720233,
426,NSW,Kingswood,Richmond,Rd,Stairs,-33.75823344,150.72011659999998,
427,NSW,Kingswood,Great Western ,Hwy,Stairs,-33.75836745,150.720071,
428,NSW,Kirrawee,Oak,Rd,Path,-34.03491126,151.07102030000001,
429,NSW,Kogarah,Regent,St,Stairs,-33.96279661,151.1326915,
430,NSW,Kogarah,Regent,St,Lift,-33.962746700000004,151.1326877,
431,NSW,Kogarah,Station,St,Stairs,-33.96260526,151.13220139999999,
432,NSW,Kogarah,Station,St,Lift,-33.96264352,151.1321917,
433,NSW,Kogarah,Station,St,Stairs,-33.96268807,151.1321451,
434,NSW,Kogarah,Station,St,Ramp,-33.96279569,151.1321022,
435,NSW,Koolewong,Glenrock,Pde,Stairs,-33.46613312,151.31847630000001,
436,NSW,Koolewong,Glenrock,Pde,Stairs,-33.46614412,151.3183699,
437,NSW,Kotara,Park,Ave,Stairs,-32.94176982,151.6980592,
438,NSW,Kotara,Kotara,Pl,Ramp,-32.94136917,151.6974634,
439,NSW,Lakemba,The Boulevarde,,Lift,-33.92010158,151.0763703,
440,NSW,Lakemba,Railway,Pde,Lift,-33.91988075,151.0762517,
441,NSW,Lakemba,Railway,Pde,Stairs,-33.919759,151.0761338,
442,NSW,Lapstone,Explorers,Rd,Ramp,-33.77327862,150.6426352,
443,NSW,Lapstone,Explorers,Rd,Stairs,-33.77355931,150.6426108,
444,NSW,Lawson,Honour,Ave,Ramp,-33.71950783,150.43041719999997,
445,NSW,Lawson,Great Western,Hwy,Ramp,-33.71914265,150.43006090000003,
446,NSW,Lawson,Lotus,St,Ramp,-33.7189722,150.4296065,
447,NSW,Lawson,Great Western,Hwy,Ramp,-33.71943599,150.42949919999998,
448,NSW,Leichhardt North LR,James,St,Lift,-33.87498002,151.1550356,
449,NSW,Leichhardt North LR,James,St,Stairs,-33.87499429,151.1550175,
450,NSW,Leichhardt North LR,City West Link,Rd,Path,-33.874998,151.1535804,
451,NSW,Leightonfield,Monier,Sq,Ramp,-33.88189412,150.98510280000002,
452,NSW,Leightonfield,Christina,Rd,Ramp,-33.88126383,150.98496200000002,
453,NSW,Leppingon,Rickard,Rd,Stairs,-33.95443956,150.8082668,
454,NSW,Leppingon,Rickard,Rd,Lift,-33.95451545,150.80824630000004,
455,NSW,Leumeah,O'Sullivan,Rd,Lift,-34.05067487,150.8308056,
456,NSW,Leumeah,Plough Inn,Rd,Path,-34.05031272,150.8307679,
457,NSW,Leumeah,Old Leumeah,Rd,Ramp,-34.05080184,150.8307251,
458,NSW,Leumeah,Old Leumeah,Rd,Stairs,-34.05081332,150.8307025,
459,NSW,Leumeah,O'Sullivan,Rd,Stairs,-34.05089506,150.830574,
460,NSW,Leumeah,Plough Inn,Rd,Lift,-34.050482200000005,150.83056090000002,
461,NSW,Leumeah,O'Sullivan,Rd,Ramp,-34.05102916,150.8304338,
462,NSW,Leura,Railway,Pde,Stairs,-33.71212061,150.3311289,
463,NSW,Lewisham,Thomas ,St,Stairs,-33.893109499999994,151.1475983,
464,NSW,Lewisham,Railway,Tce,Stairs,-33.8936359,151.14754409999998,
465,NSW,Lewisham West LR,Hudson,St,Path,-33.89385044,151.1434623,
466,NSW,Lewisham West LR,Smith,St,Path,-33.8937862,151.1433429,
467,NSW,Lidcombe,Church,St,Path,-33.86353155,151.0450641,
468,NSW,Lidcombe,Church,St,Lift,-33.86346008,151.0447924,
469,NSW,Lidcombe,Railway,St,Stairs,-33.86386973,151.0446447,
470,NSW,Lidcombe,Railway,St,Lift,-33.86386787,151.04460690000002,
471,NSW,Lidcombe,Church,St,Stairs,-33.86338085,151.0445549,
472,NSW,Lidcombe,Railway,St,Stairs,-33.863756,151.04427900000002,
473,NSW,Lilyfield LR,Catherine ,St,Ramp,-33.87419537,151.16482380000002,
474,NSW,Lilyfield LR,Catherine ,St,Stairs,-33.87411594,151.16476809999997,
475,NSW,Linden,Great Western,Hwy,Path,-33.71533075,150.50532180000002,
476,NSW,Linden,Burke,Rd,Stairs,-33.71474436,150.50436630000002,
477,NSW,Lindfield,Lindfield,Ave,Stairs,-33.77565442,151.1695097,
478,NSW,Lindfield,Lindfield,Ave,Stairs,-33.77528844,151.1693856,
479,NSW,Lindfield,Lindfield,Ave,Ramp,-33.77526721,151.1693706,
480,NSW,Lindfield,Pacific,Hwy,Stairs,-33.77595464,151.1693,
481,NSW,Lindfield,Lindfield,Ave,Stairs,-33.77508734,151.1692302,
482,NSW,Lindfield,Pacific,Hwy,Ramp,-33.77573861,151.1691075,
483,NSW,Lindfield,Pacific,Hwy,Stairs,-33.77570298,151.16907609999998,
484,NSW,Lisarow,Pacific,Hwy,Stairs,-33.38218451,151.37017930000002,
485,NSW,Lisarow,Pacific,Hwy,Path,-33.38219289,151.37016519999997,
486,NSW,Lisarow,Railway,Cres,Stairs,-33.38207165,151.37008480000003,
487,NSW,Lisarow,Railway,Cres,Path,-33.38205966,151.37007169999998,
488,NSW,Lithgow,Main,St,Path,-33.48092585,150.156929,
489,NSW,Lithgow,Railway,Pde,Path,-33.48051667,150.15670659999998,
490,NSW,Liverpool,Moore,St,Path,-33.92314617,150.927698,
491,NSW,Liverpool,Biggs,St,Lift,-33.92438493,150.9269976,
492,NSW,Liverpool,Biggs,St,Stairs,-33.92430468,150.9269377,
493,NSW,Lochinvar,Station,Lane,Ramp,-32.72048397,151.450531,
494,NSW,Lochinvar,Station,Lane,Ramp,-32.72039462,151.4504811,
495,NSW,Loftus,Pitt,St,Ramp,-34.04499976,151.0513888,
496,NSW,Loftus,Loftus,Ave,Ramp,-34.04545425,151.0512098,
497,NSW,Lysaghts,Recycling,Rd,Stairs,-34.454811799999995,150.8752141,
498,NSW,Macarthur,Menangle ,Rd,Lift,-34.07249292,150.7974781,
499,NSW,Macarthur,Menangle ,Rd,Lift,-34.07221782,150.79738840000002,
500,NSW,Macarthur,Menangle ,Rd,Stairs,-34.07255383,150.79715980000003,
501,NSW,Macarthur,Menangle ,Rd,Stairs,-34.0722662,150.7970753,
502,NSW,Macdonaldtown,Burren,St,Stairs,-33.89679186,151.1853862,
503,NSW,Macquarie Fields,Railway,Pde,Stairs,-33.98484292,150.8790781,
504,NSW,Macquarie Fields,Railway,Pde,Ramp,-33.98496652,150.8789376,
505,NSW,Macquarie Park,Lane Cove,Rd,Lift,-33.78544457,151.128497,
506,NSW,Macquarie Park,Lane Cove,Rd,Escalators,-33.78536823,151.1284456,
507,NSW,Macquarie Park,Lane Cove,Rd,Escalators,-33.78507899,151.1280042,
508,NSW,Macquarie Park,Lane Cove,Rd,Lift,-33.78506256,151.1279791,
509,NSW,Macquarie University,Herring,Rd,Lift,-33.77743582,151.1184713,
510,NSW,Macquarie University,Herring,Rd,Escalators,-33.7774169,151.1184131,
511,NSW,Macquarie University,Herring,Rd,Escalators,-33.77721132,151.1181043,
512,NSW,Macquarie University,Herring,Rd,Lift,-33.77716806,151.11809330000003,
513,NSW,Maitland,Station,St,Path,-32.73774765,151.55223600000002,
514,NSW,Marayong,Harvey,Rd,Stairs,-33.74622068,150.90031169999997,
515,NSW,Marayong,Harvey,Rd,Lift,-33.74601717,150.90030980000003,
516,NSW,Marayong,Railway,Pde,Stairs,-33.746230600000004,150.9000471,
517,NSW,Marayong,Railway,Pde,Lift,-33.74602227,150.90004230000002,
518,NSW,Marion LR,Marion,St,Path,-33.8839155,151.14499630000003,
519,NSW,Marrickville,Station,St,Path,-33.9139756,151.153316,
520,NSW,Marrickville,Illawarra,Rd,Stairs,-33.91375714,151.1532248,
521,NSW,Marrickville,Illawarra,Rd,Lift,-33.91378174,151.15318190000002,
522,NSW,Marrickville,Illawarra,Rd,Lift,-33.91383568,151.15315180000002,
523,NSW,Marrickville,Illawarra,Rd,Stairs,-33.91386322,151.1531385,
524,NSW,Martin Place,Macquarie,St,Stairs,-33.86796254,151.2116241,1.0
525,NSW,Martin Place,Phillip,St,Lift,-33.867725799999995,151.211419,4.0
526,NSW,Martin Place,Phillip,St,Stairs,-33.867961,151.2113556,2.0
527,NSW,Martin Place,Elizabeth,St,Stairs,-33.86770938,151.2108281,5.0
528,NSW,Martin Place,Elizabeth,St,Stairs,-33.86794917,151.2105119,6.0
529,NSW,Martin Place,Elizabeth,St,Stairs,-33.86773095,151.2102046,7.0
530,NSW,Martins Creek,Grace,Ave,Ramp,-32.55848164,151.618412,
531,NSW,Marulan,Wollondilly,St,Path,-34.709501200000005,150.00567780000003,
532,NSW,Marulan,Railway,Pde,Path,-34.70959939,150.00566909999998,
533,NSW,Mascot,Bourke,St,Stairs,-33.92315955,151.18739240000002,
534,NSW,Mascot,Bourke,St,Escalators,-33.92315812,151.18736280000002,
535,NSW,Mascot,Bourke,St,Lift,-33.92336325,151.1873396,
536,NSW,Meadowbank,Constitution,Rd,Lift,-33.81566979,151.0902245,
537,NSW,Meadowbank,Constitution,Rd,Stairs,-33.81579505,151.09020880000003,
538,NSW,Meadowbank,Bank,St,Lift,-33.81562759,151.0899398,
539,NSW,Meadowbank,Bank,St,Ramp,-33.81555584,151.089916,
540,NSW,Medlow Bath,Great Western,Hwy,Ramp,-33.67465401,150.28114119999998,
541,NSW,Medlow Bath,Great Western,Hwy,Stairs,-33.67295305,150.2803919,
542,NSW,Menangle,Stevens,Rd,Ramp,-34.12539404,150.7441804,
543,NSW,Menangle,Stevens,Rd,Path,-34.12585573,150.7440669,
544,NSW,Menangle Park,Racecourse,Ave,Ramp,-34.10338167,150.7450798,
545,NSW,Menangle Park,Racecourse,Rd,Ramp,-34.10338507,150.74495090000002,
546,NSW,Merrylands,Railway,Tce,Ramp,-33.83669532,150.99266980000002,
547,NSW,Merrylands,Terminal,Pl,Ramp,-33.83631419,150.99266619999997,
548,NSW,Merrylands,Railway,Tce,Stairs,-33.83680598,150.9925619,
549,NSW,Merrylands,Railway,Tce,Lift,-33.83690608,150.9923757,
550,NSW,Merrylands,Railway,Tce,Ramp,-33.83694829,150.992327,
551,NSW,Merrylands,Terminal,Pl,Stairs,-33.83658243,150.9922814,
552,NSW,Merrylands,Terminal,Pl,Lift,-33.83679089,150.992228,
553,NSW,Merrylands,Terminal,Pl,Stairs,-33.83671583,150.9921634,
554,NSW,Merrylands,Railway,Tce,Stairs,-33.83715442,150.992075,
555,NSW,Merrylands,Terminal,Pl,Ramp,-33.83685144,150.99201519999997,
556,NSW,Merrylands,Terminal,Pl,Stairs,-33.83705075,150.9918377,
557,NSW,Metford,McCubbin ,Cl,Stairs,-32.76547854,151.6182929,
558,NSW,Metford,McCubbin ,Cl,Lift,-32.76536099,151.6181329,
559,NSW,Milsons Point,Ennis,Rd,Ramp,-33.84579562,151.212403,
560,NSW,Milsons Point,Alfred,St,Path,-33.84594618,151.21171950000002,
561,NSW,Mindaribba,Tocal,Rd,Ramp,-32.66835055,151.5845537,
562,NSW,Minnamurra,North,St,Ramp,-34.62633044,150.85300980000002,
563,NSW,Minto,Minto,Rd,Stairs,-34.02750455,150.8426006,
564,NSW,Minto,Minto,Rd,Lift,-34.02764472,150.8425642,
565,NSW,Minto,Minto,Rd,Ramp,-34.02776996,150.8425506,
566,NSW,Minto,Somerset,St,Stairs,-34.02722065,150.8423272,
567,NSW,Minto,Somerset,St,Lift,-34.0274664,150.842237,
568,NSW,Minto,Somerset,St,Ramp,-34.02769333,150.8422318,
569,NSW,Miranda,Kiora,Rd,Stairs,-34.036075,151.1019708,
570,NSW,Miranda,Kiora,Rd,Ramp,-34.036075,151.1019708,
571,NSW,Mittagong,Railway,Pde,Stairs,-34.4526389,150.4483852,
572,NSW,Mittagong,Regent,St,Stairs,-34.45240354,150.4483624,
573,NSW,Morisset,Macquarie,St,Lift,-33.10903664,151.4882907,
574,NSW,Morisset,Macquarie,St,Ramp,-33.1090292,151.4882497,
575,NSW,Morisset,Dora,St,Lift,-33.10883807,151.4881562,
576,NSW,Morisset,Macquarie,St,Stairs,-33.10907961,151.48815390000001,
577,NSW,Morisset,Dora,St,Stairs,-33.10893132,151.48806000000002,
578,NSW,Morisset,Dora,St,Ramp,-33.10895092,151.4878847,
579,NSW,Mortdale,Coleborne,Ave,Lift,-33.97112283,151.0810841,
580,NSW,Mortdale,Coleborne,Ave,Stairs,-33.97123984,151.081009,
581,NSW,Mortdale,Cook,Lane,Lift,-33.97104094,151.08087980000002,
582,NSW,Mortdale,Cook,Lane,Stairs,-33.97116587,151.0808093,
583,NSW,Moss Vale,Argyle,St,Path,-34.54838916,150.372103,
584,NSW,Moss Vale,Lackey,Rd,Path,-34.54759291,150.3718707,
585,NSW,Mount Colah,Pacific,Hwy,Stairs,-33.67129214,151.11509819999998,
586,NSW,Mount Druitt,North,Pde,Ramp,-33.76905662,150.82032180000002,
587,NSW,Mount Druitt,North,Pde,Stairs,-33.76888448,150.8203141,
588,NSW,Mount Druitt,North,Pde,Lift,-33.76903287,150.8201866,
589,NSW,Mount Druitt,North,Pde,Stairs,-33.76940294,150.820177,
590,NSW,Mount Druitt,Beames,Ave,Lift,-33.76977783,150.82016930000003,
591,NSW,Mount Druitt,North,Pde,Lift,-33.76941054,150.8201425,
592,NSW,Mount Druitt,Beames,Ave,Ramp,-33.769957500000004,150.8201085,
593,NSW,Mount Druitt,Beames,Ave,Stairs,-33.76975925,150.819919,
594,NSW,Mount Druitt,North,Pde,Lift,-33.76885586,150.81985749999998,
595,NSW,Mount Druitt,North,Pde,Stairs,-33.76903298,150.8197793,
596,NSW,Mount Druitt,North,Pde,Stairs,-33.76883389,150.8195934,
597,NSW,Mount Kurring-gai,Harwood,Ave,Stairs,-33.65382765,151.1370126,
598,NSW,Mount Kurring-gai,Harwood,Ave,Ramp,-33.65382377,151.1369886,
599,NSW,Mount Kurring-gai,Pacific,Hwy,Ramp,-33.65376948,151.13656830000002,
600,NSW,Mount Victoria,Patrick,St,Stairs,-33.5882678,150.257054,
601,NSW,Mount Victoria,Station,St,Stairs,-33.58817529,150.256825,
602,NSW,Mulgrave,Mulgrave,Rd,Ramp,-33.62649899,150.8298983,
603,NSW,Museum,Elizabeth,St,Stairs,-33.87493423,151.2098618,
604,NSW,Museum,Elizabeth,St,Escalators,-33.87691361,151.209825,
605,NSW,Museum,Elizabeth,St,Stairs,-33.87652945,151.2098063,
606,NSW,Museum,Elizabeth,St,Lift,-33.87659188,151.2097343,
607,NSW,Museum,Elizabeth,St,Escalators,-33.87482734,151.209529,
608,NSW,Museum,Liverpool,St,Escalators,-33.87671276,151.2092181,
609,NSW,Museum,Liverpool,St,Stairs,-33.87669845,151.2091949,
610,NSW,Muswellbrook,Market,St,Ramp,-32.26744191,150.890863,
611,NSW,Muswellbrook,Market,St,Stairs,-32.26758584,150.89080380000001,
612,NSW,Muswellbrook,Market,St,Stairs,-32.26742612,150.8904619,
613,NSW,Narara,Goonak,Pde,Path,-33.39478142,151.34455359999998,
614,NSW,Narara,Narara Valley,Dr,Stairs,-33.39459444,151.3444334,
615,NSW,Narara,Narara Valley,Dr,Path,-33.39460601,151.3444151,
616,NSW,Narwee,Hannans,Rd,Path,-33.947500700000006,151.0707991,
617,NSW,Narwee,Hurst,Pl,Path,-33.94783139,151.07064419999998,
618,NSW,Newcastle Interchange,Hannell,St,Path,-32.92412867,151.75986719999997,
619,NSW,Newcastle Interchange,Hannell,St,Path,-32.92443205,151.7596352,
620,NSW,Newcastle Interchange,Charles,St,Path,-32.923917100000004,151.7593884,
621,NSW,Newcastle Interchange,Cooper,St,Path,-32.92445674,151.7589509,
622,NSW,Newtown,King,St,Lift,-33.89794821,151.1788919,
623,NSW,Newtown,King,St,Ramp,-33.89787696,151.1788814,
624,NSW,Niagara Park,Kathleen Morreau,Rd,Stairs,-33.38322824,151.3545729,
625,NSW,Niagara Park,Washington,Ave,Stairs,-33.3830702,151.3544041,
626,NSW,Normanhurst,Denman,Pde,Path,-33.72090894,151.0971516,
627,NSW,Normanhurst,Malsbury,Rd,Path,-33.72064788,151.0969021,
628,NSW,North Ryde,Delhi,Rd,Lift,-33.79455215,151.13792560000002,
629,NSW,North Ryde,Delhi,Rd,Escalators,-33.79451462,151.1379238,
630,NSW,North Strathfield,Queen,St,Stairs,-33.85916251,151.0885013,
631,NSW,North Strathfield,Hamilton,St,Ramp,-33.8597069,151.08820749999998,
632,NSW,North Sydney,Blue,St,Path,-33.84102219,151.20749840000002,
633,NSW,North Sydney,Blue,St,Path,-33.84100344,151.2073747,
634,NSW,North Wollongong,Station,St,Stairs,-34.41235075,150.89156200000002,
635,NSW,North Wollongong,Station,St,Path,-34.41211824,150.8915599,
636,NSW,North Wollongong,Station,St,Lift,-34.41211138,150.8915284,
637,NSW,North Wollongong,Porter,St,Lift,-34.41208516,150.8913613,
638,NSW,North Wollongong,Porter,St,Path,-34.41208744,150.8913264,
639,NSW,North Wollongong,Porter,St,Stairs,-34.41230685,150.89124819999998,
640,NSW,Noth Strathfield,Pomeroy,St,Ramp,-33.85755734,151.0873986,
641,NSW,Oak Flats,Stanford,Dr,Ramp,-34.57198187,150.82061169999997,
642,NSW,Oak Flats,Stanford,Dr,Stairs,-34.57188882,150.82045359999998,
643,NSW,Oak Flats,Stanford,Dr,Ramp,-34.57173048,150.8202085,
644,NSW,Oatley,Oatley,Pde,Lift,-33.98022837,151.0792926,
645,NSW,Oatley,River,Rd,Stairs,-33.98000494,151.0789686,
646,NSW,Oatley,Mulga,Rd,Lift,-33.980259000000004,151.0787615,
647,NSW,Olympic Park,Park,St,Path,-33.8461115,151.070683,
648,NSW,Olympic Park,Dawn Fraser,Ave,Path,-33.84647873,151.0702876,
649,NSW,Olympic Park,Murray Rose,Ave,Path,-33.84608649,151.0700814,
650,NSW,Olympic Park,Dawn Fraser,Ave,Path,-33.84656636,151.07004609999998,
651,NSW,Olympic Park,Murray Rose,Ave,Stairs,-33.84617394,151.0698287,
652,NSW,Olympic Park,Dawn Fraser,Ave,Stairs,-33.84670627,151.0695564,
653,NSW,Olympic Park,Murray Rose,Ave,Ramp,-33.84634363,151.0694956,
654,NSW,Olympic Park,Dawn Fraser,Ave,Path,-33.84678557,151.0694563,
655,NSW,Olympic Park,Murray Rose,Ave,Stairs,-33.84639347,151.0693911,
656,NSW,Olympic Park,Murray Rose,Ave,Lift,-33.84639439,151.06924890000002,
657,NSW,Olympic Park,Dawn Fraser,Ave,Path,-33.84686907,151.0692157,
658,NSW,Olympic Park,Murray Rose,Ave,Stairs,-33.84647994,151.0690066,
659,NSW,Olympic Park,Showground,Rd,Path,-33.84698401,151.0682717,
660,NSW,Otford,Lady Carrington ,Rd,Stairs,-34.21052602,151.00590830000002,
661,NSW,Otford,Lady Carrington ,Rd,Ramp,-34.21072283,151.00552130000003,
662,NSW,Otford,Station,Rd,Stairs,-34.21109272,151.0055047,
663,NSW,Ourimbah,Mill,St,Stairs,-33.35965695,151.37027680000003,
664,NSW,Ourimbah,Mill,St,Ramp,-33.35955493,151.37010890000002,
665,NSW,Ourimbah,Station,St,Path,-33.35969505,151.36975080000002,
666,NSW,Ourimbah,Station,St,Path,-33.35937321,151.3697352,
667,NSW,Paddy's Markets,Hay,St,Path,-33.87925467,151.2027407,
668,NSW,Paddy's Markets,Hay,St,Path,-33.87933704,151.2026206,
669,NSW,Padstow,Banks,St,Path,-33.95168459,151.03234469999998,
670,NSW,Padstow,Howard,Rd,Ramp,-33.9520945,151.0320242,
671,NSW,Padstow,Memorial,Dr,Ramp,-33.95176466,151.0319792,
672,NSW,Padstow,Memorial,Dr,Path,-33.95200543,151.03196609999998,
673,NSW,Padstow,Memorial,Dr,Stairs,-33.95170664,151.0319304,
674,NSW,Panania,Anderson,Ave,Ramp,-33.95413352,150.9982975,
675,NSW,Panania,Weston,St,Ramp,-33.95440402,150.998267,
676,NSW,Parramatta,Station,St,Stairs,-33.8178785,151.0063215,
677,NSW,Parramatta,Liverpool-Parramatta,T-way,Lift,-33.81823772,151.00592930000002,
678,NSW,Parramatta,Liverpool-Parramatta,T-way,Stairs,-33.81819896,151.0058847,
679,NSW,Parramatta,Liverpool-Parramatta,T-way,Stairs,-33.81753109,151.00500300000002,
680,NSW,Parramatta,Darcy,St,Lift,-33.81707893,151.00491680000002,
681,NSW,Parramatta,Liverpool-Parramatta,T-way,Lift,-33.81737628,151.0046956,
682,NSW,Parramatta,Darcy,St,Stairs,-33.81698089,151.0046804,
683,NSW,Parramatta,Liverpool-Parramatta,T-way,Escalators,-33.81757268,151.00450959999998,
684,NSW,Parramatta,Liverpool-Parramatta,T-way,Stairs,-33.817204600000004,151.00444330000002,
685,NSW,Paterson,Main,St,Stairs,-32.60237058,151.6147645,
686,NSW,Pendle Hill,Wentworth,Ave,Ramp,-33.80167682,150.95700349999998,
687,NSW,Pendle Hill,Wentworth,Ave,Stairs,-33.80127175,150.956549,
688,NSW,Pendle Hill,Joyce,St,Ramp,-33.80135205,150.9559293,
689,NSW,Pendle Hill,Joyce,St,Path,-33.80130891,150.95585060000002,
690,NSW,Pennant Hills,Railway,St,Stairs,-33.73793010000001,151.0727775,
691,NSW,Pennant Hills,Railway,St,Lift,-33.73795586,151.07262649999998,
692,NSW,Pennant Hills,Yarrara,Rd,Path,-33.73771583,151.07260630000002,
693,NSW,Pennant Hills,Yarrara,Rd,Stairs,-33.73772306,151.0725732,
694,NSW,Pennant Hills,Railway,St,Ramp,-33.73816108,151.0725647,
695,NSW,Pennant Hills,Yarrara,Rd,Lift,-33.73786579,151.07249869999998,
696,NSW,Penrith,Combewood,Ave,Stairs,-33.74985862,150.6965761,
697,NSW,Penrith,Combewood,Ave,Lift,-33.74985115,150.6965045,
698,NSW,Penrith,Jane,St,Stairs,-33.75029054,150.6964713,
699,NSW,Penrith,Jane,St,Lift,-33.75028162,150.69643330000002,
700,NSW,Penrith,Jane,St,Stairs,-33.75018886,150.6961967,
701,NSW,Penrose,Penrose,Rd,Path,-34.67230549,150.21227439999998,
702,NSW,Penrose,Kareela,Rd,Path,-34.6721605,150.212086,
703,NSW,Penshurst,Bridge,Rd,Stairs,-33.96608121,151.08883740000002,
704,NSW,Penshurst,Laycock,Rd,Ramp,-33.96633248,151.088801,
705,NSW,Penshurst,Laycock,Rd,Stairs,-33.96631991,151.0887138,
706,NSW,Penshurst,Bridge,Rd,Lift,-33.96609707,151.08866819999997,
707,NSW,Petersham,Trafalgar,St,Stairs,-33.89402275,151.1557675,
708,NSW,Petersham,Terminus,St,Stairs,-33.8936064,151.1555418,
709,NSW,Picton,Prince,St,Stairs,-34.17964863,150.61288100000002,
710,NSW,Picton,Station,St,Stairs,-34.17927875,150.6127309,
711,NSW,Picton,Prince,St,Stairs,-34.17968277,150.6127042,
712,NSW,Picton,Station,St,Lift,-34.17921166,150.61266469999998,
713,NSW,Point Clare,Kurrawa,Ave,Stairs,-33.44630072,151.3285267,
714,NSW,Point Clare,Brisbane Water,Dr,Stairs,-33.44618258,151.32826409999998,
715,NSW,Point Clare,Brisbane Water,Dr,Ramp,-33.44621399,151.3282199,
716,NSW,Port Kembla,Old Port,Rd,Ramp,-34.47718852,150.90285669999997,
717,NSW,Port Kembla North,Flinders,St,Stairs,-34.47297995,150.8873269,
718,NSW,Port Kembla North,Flinders,St,Stairs,-34.47312925,150.8870415,
719,NSW,Punchbowl,Punchbowl,Rd,Stairs,-33.92525226,151.05557980000003,
720,NSW,Punchbowl,The Boulevarde,,Stairs,-33.92556758,151.0555716,
721,NSW,Pymble,Grandview,St,Stairs,-33.74463831,151.14227319999998,
722,NSW,Pymble,Pacific,Hwy,Stairs,-33.74498339,151.1421989,
723,NSW,Pyrmont Bay LR,Murray,St,Path,-33.869535,151.197707,
724,NSW,Quakers Hill,Pearce,Rd,Lift,-33.72731055,150.886272,
725,NSW,Quakers Hill,Pearce,Rd,Stairs,-33.72721559,150.88621740000002,
726,NSW,Quakers Hill,Railway,Pde,Lift,-33.72743142,150.8860389,
727,NSW,Quakers Hill,Railway,Pde,Stairs,-33.72721417,150.88588719999998,
728,NSW,Redfern,Gibbons,St,Path,-33.892029799999996,151.1995113,
729,NSW,Redfern,Lawson,St,Path,-33.891563,151.198824,
730,NSW,Redfern,Marian,St,Stairs,-33.89270463,151.1981812,
731,NSW,Regents Park,Amy,St,Path,-33.8833513,151.0241784,
732,NSW,Regents Park,Park,Rd,Stairs,-33.88311577,151.02379319999997,
733,NSW,Regents Park,Park,Rd,Ramp,-33.88324672,151.02370080000003,
734,NSW,Revesby,Blamey,St,Stairs,-33.95270727,151.0154862,
735,NSW,Revesby,Marco,Ave,Lift,-33.95235886,151.01531980000001,
736,NSW,Revesby,Marco,Ave,Stairs,-33.95231174,151.0152774,
737,NSW,Revesby,Blamey,St,Lift,-33.95273626,151.01523269999998,
738,NSW,Rhodes,Blaxland,Rd,Stairs,-33.83067679,151.08723669999998,
739,NSW,Rhodes,Blaxland,Rd,Lift,-33.83064963,151.08722340000003,
740,NSW,Rhodes,Walker,St,Lift,-33.83045691,151.08687680000003,
741,NSW,Rhodes,Walker,St,Stairs,-33.83064015,151.0868216,
742,NSW,Richmond,E Market,St,Stairs,-33.59877109,150.75230980000003,
743,NSW,Richmond,E Market,St,Ramp,-33.5988545,150.7522539,
744,NSW,Riverstone,Garfield,Rd W,Path,-33.67976814,150.860729,
745,NSW,Riverstone,Garfield,Rd W,Path,-33.67985685,150.86052080000002,
746,NSW,Riverstone,Riverstone,Pde,Path,-33.67905167,150.86044009999998,
747,NSW,Riverwood,Belmore,Rd,Path,-33.951470799999996,151.0525622,
748,NSW,Riverwood,Belmore,Rd,Stairs,-33.95160087,151.0525497,
749,NSW,Rockdale,Geeves,Lane,Stairs,-33.9523035,151.1369871,
750,NSW,Rockdale,Geeves,Lane,Lift,-33.95248742,151.13686140000002,
751,NSW,Rockdale,Geeves,Lane,Stairs,-33.95258099,151.1368441,
752,NSW,Rockdale,Railway,St,Ramp,-33.95191037,151.13644130000003,
753,NSW,Rockdale,Railway,St,Stairs,-33.95221004,151.1362805,
754,NSW,Rooty Hill,Beames,Ave,Stairs,-33.77188219,150.8444618,
755,NSW,Rooty Hill,North ,Pde,Stairs,-33.7714864,150.84428459999998,
756,NSW,Rooty Hill,Beames,Ave,Ramp,-33.77201339,150.844247,
757,NSW,Rooty Hill,Rooty Hill North,Rd,Ramp,-33.77124814,150.8438721,
758,NSW,Rosehill,James Ruse,Dr,Stairs,-33.82303843,151.0222311,
759,NSW,Rosehill,James Ruse,Dr,Stairs,-33.82322002,151.0222102,
760,NSW,Rosehill,James Ruse,Dr,Ramp,-33.82308432,151.02181519999996,
761,NSW,Roseville,Hill,St,Ramp,-33.78434859,151.1778664,
762,NSW,Roseville,Pacific,Hwy,Ramp,-33.78467979999999,151.177749,
763,NSW,Rozelle Bay LR,Bayview,Cres,Ramp,-33.87185725,151.1729488,
764,NSW,Rozelle Bay LR,Bayview,Cres,Ramp,-33.8719533,151.1729143,
765,NSW,Rozelle Bay LR,The Crescent,,Stairs,-33.8717488,151.1728699,
766,NSW,Rydalmere,Brodie,St,Path,-33.81015641,151.02947969999997,
767,NSW,Sandgate,Astra,St,Stairs,-32.87279417,151.7028016,
768,NSW,Scarborough,Railway,Ave,Stairs,-34.2656783,150.9654965,
769,NSW,Scarborough,Railway,Ave,Stairs,-34.26551615,150.9651941,
770,NSW,Schofields,Railway,Tce,Path,-33.70483553,150.8742383,
771,NSW,Schofields,Railway,Tce,Lift,-33.7044383,150.8740174,
772,NSW,Schofields,Railway,Tce,Stairs,-33.70418713,150.87393280000003,
773,NSW,Schofields,Bridge,St,Lift,-33.70454498,150.8736108,
774,NSW,Schofields,Bridge,St,Stairs,-33.7043178,150.8735269,
775,NSW,Scone,Susan,St,Path,-32.04670656,150.86707280000002,
776,NSW,Sefton,Helen,St,Lift,-33.88516272,151.0118417,
777,NSW,Sefton,Wellington,Rd,Lift,-33.88549648,151.0117978,
778,NSW,Sefton,Helen,St,Stairs,-33.88516069,151.0116714,
779,NSW,Sefton,Wellington,Rd,Stairs,-33.88543207,151.01162209999998,
780,NSW,Seven Hills,Prospect,Hwy,Stairs,-33.77410577,150.93619109999997,
781,NSW,Seven Hills,The Hills,Cres,Lift,-33.77455756,150.9361722,
782,NSW,Seven Hills,Prospect,Hwy,Lift,-33.77407161,150.93608930000002,
783,NSW,Seven Hills,Prospect,Hwy,Ramp,-33.77410285,150.9359253,
784,NSW,Seven Hills,The Hills,Cres,Ramp,-33.77452,150.93543200000002,
785,NSW,Shellharbour,Piper,Dr,Lift,-34.59125149,150.8448185,
786,NSW,Shellharbour,Piper,Dr,Stairs,-34.5913074,150.84480180000003,
787,NSW,Shellharbour,Piper,Dr,Lift,-34.59122591,150.8446697,
788,NSW,Shellharbour,Piper,Dr,Stairs,-34.59128718,150.8446519,
789,NSW,Singleton,Munro,St,Ramp,-32.57196082,151.1656827,
790,NSW,Singleton,Munro,St,Ramp,-32.5718537,151.1655409,
791,NSW,Singleton,Munro,St,Path,-32.57183342,151.1654861,
792,NSW,Springwood,Macquarie ,Rd,Stairs,-33.69918984,150.56369730000003,
793,NSW,Springwood,Macquarie ,Rd,Ramp,-33.69936145,150.5635226,
794,NSW,Springwood,Station,St,Ramp,-33.69896475,150.5633045,
795,NSW,St James,James,Rd,Stairs,-33.86992775,151.2114985,
796,NSW,St James,James,Rd,Ramp,-33.87003326,151.2112893,
797,NSW,St James,Elizabeth,St,Lift,-33.870678000000005,151.2104842,
798,NSW,St James,Elizabeth,St,Stairs,-33.87074951,151.2104486,
799,NSW,St Leonards,Sergeants,Lane,Stairs,-33.82224634,151.1947629,
800,NSW,St Leonards,Sergeants,Lane,Lift,-33.82222391,151.1947607,
801,NSW,St Leonards,Herbert,St,Lift,-33.82232319,151.1936479,
802,NSW,St Leonards,Herbert,St,Stairs,-33.82231649,151.19360880000002,
803,NSW,St Leonards,Herbert,St,Stairs,-33.82246257,151.1934322,
804,NSW,St Leonards,Herbert,St,Lift,-33.82243079,151.1933676,
805,NSW,St Marys,Forrester,Rd,Lift,-33.76189765,150.7751589,
806,NSW,St Marys,Station,St,Lift,-33.76235089,150.7750575,
807,NSW,St Marys,Forrester,Rd,Stairs,-33.76188001,150.7749259,
808,NSW,St Marys,Station,St,Stairs,-33.76231824,150.774872,
809,NSW,St Peters,May,Lane,Path,-33.90745391,151.1808612,
810,NSW,St Peters,Lord,St,Path,-33.90694267,151.18064950000002,
811,NSW,Stanmore,Douglas,St,Ramp,-33.89416485,151.16420469999997,
812,NSW,Stanmore,Trafalgar,St,Ramp,-33.89467603,151.1641571,
813,NSW,Stanwell Park,Railway,Cres,Stairs,-34.22618328,150.9812344,
814,NSW,Stanwell Park,Railway,Cres,Stairs,-34.22614425,150.98100459999998,
815,NSW,Strathfield,Everton,Rd,Lift,-33.87146835,151.09460369999996,
816,NSW,Strathfield,Everton,Rd,Stairs,-33.87134403,151.0944811,
817,NSW,Strathfield,Strathfield,Sq,Ramp,-33.87220808,151.09428380000003,
818,NSW,Strathfield,Albert,Rd,Ramp,-33.87185964,151.0938299,
819,NSW,Summer Hill,Grosvenor ,Cres,Stairs,-33.8901592,151.1389449,
820,NSW,Summer Hill,Carlton,Cres,Lift,-33.89053286,151.1389072,
821,NSW,Summer Hill,Grosvenor ,Cres,Lift,-33.89010644,151.13875280000002,
822,NSW,Summer Hill,Carlton,Cres,Stairs,-33.89044157,151.13864130000002,
823,NSW,Summer Hill,Carlton,Cres,Ramp,-33.89043171,151.13861550000001,
824,NSW,Sutherland,East,Pde,Lift,-34.031570200000004,151.05743230000002,
825,NSW,Sutherland,East,Pde,Path,-34.0315567,151.0573425,
826,NSW,Sutherland,East,Pde,Stairs,-34.03183438,151.05690980000003,
827,NSW,Sutherland,East,Pde,Ramp,-34.03183438,151.05690980000003,
828,NSW,Sydenham,Gleeson,Ave,Lift,-33.91491191,151.1661011,
829,NSW,Sydenham,Gleeson,Ave,Path,-33.914863399999994,151.16604719999998,
830,NSW,Tahmoor,George ,St,Path,-34.22358755,150.59024119999998,
831,NSW,Tahmoor,Pitt,St,Path,-34.22346581,150.58983080000002,
832,NSW,Tallong,Railway,Pde,Path,-34.71837568,150.08609280000002,
833,NSW,Tarro,Woodberry ,Rd,Stairs,-32.80882092,151.6694636,
834,NSW,Tarro,Woodberry ,Rd,Stairs,-32.80889516,151.66937280000002,
835,NSW,Tascott,Brisbane Water,Dr,Ramp,-33.45083997,151.3188156,
836,NSW,Tascott,Brisbane Water,Dr,Stairs,-33.45088295,151.31878700000001,
837,NSW,Tascott,Glenrock,Pde,Ramp,-33.45077303,151.31874030000003,
838,NSW,Tascott,Glenrock,Pde,Stairs,-33.45094989,151.3183448,
839,NSW,Taverners Hill LR,Parramatta ,Rd,Lift,-33.8895669,151.145176,
840,NSW,Taverners Hill LR,Parramatta ,Rd,Lift,-33.88990657,151.1451041,
841,NSW,Taverners Hill LR,Parramatta ,Rd,Stairs,-33.88963067,151.1450837,
842,NSW,Taverners Hill LR,Parramatta ,Rd,Stairs,-33.8898685,151.1450731,
843,NSW,Telarah,Johnson,St,Ramp,-32.72323179,151.5398951,
844,NSW,Telarah,Johnson,St,Stairs,-32.72337822,151.53988590000003,
845,NSW,Telopea,Sturt,St,Path,-33.79400629,151.04178100000001,
846,NSW,Telopea,Sturt,St,Ramp,-33.79424948,151.0415241,
847,NSW,Telopea,Sturt,St,Path,-33.7945703,151.04138390000003,
848,NSW,Telopea,Adderton,Rd,Ramp,-33.79402152,151.04126369999997,
849,NSW,Telopea,Adderton,Rd,Stairs,-33.79411509,151.04119540000002,
850,NSW,Tempe,Griffith,St,Stairs,-33.92369195,151.1567982,
851,NSW,Tempe,Griffith,St,Stairs,-33.92394727,151.15675,
852,NSW,Tempe,Richardson,Cres,Stairs,-33.92358032,151.15647130000002,
853,NSW,Tempe,Richardson,Cres,Stairs,-33.92389629,151.1563979,
854,NSW,Teralba,William,St,Ramp,-32.96276877,151.60415,
855,NSW,Teralba,William,St,Path,-32.962727,151.6039263,
856,NSW,Teralba,Railway,St,Stairs,-32.96216248,151.60364189999999,
857,NSW,The Star LR,Pirrama,Rd,Path,-33.867270899999994,151.1957096,
858,NSW,Thirroul,Station,St,Stairs,-34.31786015,150.9193757,
859,NSW,Thirroul,Station,St,Lift,-34.31799787,150.9192528,
860,NSW,Thirroul,Railway,Pde,Path,-34.31788392,150.91886499999998,
861,NSW,Thirroul,Railway,Pde,Stairs,-34.31795869,150.9188517,
862,NSW,Thornleigh,Railway,Pde,Path,-33.73207901,151.0783738,
863,NSW,Thornleigh,Railway,Pde,Stairs,-33.73211866,151.07833269999998,
864,NSW,Thornleigh,The Esplanade,,Stairs,-33.73180916,151.07811830000003,
865,NSW,Thornton,Karuah ,St,Stairs,-32.78357334,151.6399935,
866,NSW,Thornton,Karuah ,St,Lift,-32.78356119,151.6399551,
867,NSW,Toongabbie,Wentworth,Ave,Ramp,-33.78699939,150.9516071,
868,NSW,Toongabbie,Portice,Pde,Ramp,-33.78714281,150.9511669,
869,NSW,Town Hall,George,St,Stairs,-33.87317129,151.20712519999998,2.0
870,NSW,Town Hall,George,St,Stairs,-33.87357692,151.2070647,2.0
871,NSW,Town Hall,George,St,Lift,-33.87389408,151.2070208,2.0
872,NSW,Town Hall,George,St,Stairs,-33.87394872,151.2070088,2.0
873,NSW,Town Hall,George,St,Stairs,-33.87324335,151.20671819999998,5.0
874,NSW,Town Hall,George,St,Stairs,-33.87300204,151.2066961,5.0
875,NSW,Town Hall,George,St,Stairs,-33.87416617,151.20666780000002,4.0
876,NSW,Town Hall,George,St,Stairs,-33.87370422,151.206619,5.0
877,NSW,Town Hall,Kent,St,Path,-33.87346213,151.20567590000002,5.0
878,NSW,Towradgi,Towradgi,Rd,Ramp,-34.38408404,150.9016675,
879,NSW,Towradgi,Towradgi,Rd,Ramp,-34.38412652,150.90135859999998,
880,NSW,Tuggerah,Bryant,Dr,Ramp,-33.307745600000004,151.4204201,
881,NSW,Tuggerah,Bryant,Dr,Stairs,-33.307745600000004,151.4204201,
882,NSW,Tuggerah,Pacific,Hwy,Ramp,-33.30747496,151.4200755,
883,NSW,Tuggerah,Pacific,Hwy,Stairs,-33.30767799,151.4200382,
884,NSW,Turramurra,Rohini,St,Path,-33.73258953,151.1290978,
885,NSW,Turramurra,William,St,Path,-33.73287787,151.128659,
886,NSW,Turrella,Reede,St,Stairs,-33.92977422,151.1404283,
887,NSW,Unanderra,Berkeley,Rd,Stairs,-34.45512841,150.8460834,
888,NSW,Unanderra,Berkeley,Rd,Stairs,-34.45480327,150.8454954,
889,NSW,Valley Heights,Great Western,Hwy,Stairs,-33.70388256,150.5840807,
890,NSW,Valley Heights,Great Western,Hwy,Ramp,-33.70385585,150.58401940000002,
891,NSW,Valley Heights,Great Western,Hwy,Stairs,-33.70414867,150.5836892,
892,NSW,Victoria Street,Waller,St,Stairs,-32.75096544,151.5941378,
893,NSW,Victoria Street,Victoria,St,Stairs,-32.7511242,151.59379619999999,
894,NSW,Villawood,Villawood,St,Stairs,-33.88092102,150.9773626,
895,NSW,Villawood,River,Ave,Stairs,-33.88074082,150.9773471,
896,NSW,Vineyard,Bandon,Rd,Ramp,-33.65018802,150.85106299999998,
897,NSW,Wahroonga,Redleaf,Ave,Stairs,-33.71800187,151.11751850000002,
898,NSW,Waitara,Alexandria,Pde,Path,-33.71028639,151.105246,
899,NSW,Waitara,Waitara,Ave,Stairs,-33.71065655,151.10491530000002,
900,NSW,Wallarobba,Wallarobba Brookfield,Rd,Ramp,-32.49615032,151.69569209999997,
901,NSW,Warabrook,Eucalyptus ,Cres,Ramp,-32.88698384,151.71118719999998,
902,NSW,Warabrook,Ring,Rd,Ramp,-32.88848678,151.709521,
903,NSW,Waratah,Platt,St,Stairs,-32.90210317,151.731215,
904,NSW,Waratah,Platt,St,Stairs,-32.902353999999995,151.7310238,
905,NSW,Waratah Mills LR,Davis,St,Path,-33.8989622,151.140003,
906,NSW,Waratah Mills LR,Weston,St,Path,-33.8988126,151.13986469999998,
907,NSW,Warnervale,Warnervale,Rd,Path,-33.2473843,151.4491366,
908,NSW,Warnervale,Warnervale,Rd,Path,-33.24713278,151.4488456,
909,NSW,Warrawee,Warrawee,Ave,Path,-33.72439373,151.1220398,
910,NSW,Warrawee,Heydon,Ave,Path,-33.72454128,151.1217229,
911,NSW,Warrimoo,Railway,Pde,Stairs,-33.72132609,150.60295109999998,
912,NSW,Warrimoo,Great Western,Hwy,Stairs,-33.721589,150.60278190000002,
913,NSW,Warrimoo,Great Western,Hwy,Ramp,-33.7215927,150.6027681,
914,NSW,Warrimoo,Great Western,Hwy,Ramp,-33.72206858,150.602657,
915,NSW,Warrimoo,Great Western,Hwy,Stairs,-33.72204408,150.6025654,
916,NSW,Warwick Farm,Warwick,St,Stairs,-33.91318088,150.9353246,
917,NSW,Warwick Farm,Warwick,St,Lift,-33.91340518,150.9352764,
918,NSW,Warwick Farm,Remembrance,Ave,Lift,-33.91324659,150.9349959,
919,NSW,Warwick Farm,Remembrance,Ave,Stairs,-33.91347354,150.9349611,
920,NSW,Waterfall,Kooraban,St,Ramp,-34.13517267,150.994605,
921,NSW,Waverton,Bay,Rd,Path,-33.83756728,151.19746830000003,
922,NSW,Waverton,Bay,Rd,Path,-33.83761043,151.1973366,
923,NSW,Wentworth Falls,Railway,Pde,Stairs,-33.70932977,150.3764898,
924,NSW,Wentworth Falls,Station,St,Stairs,-33.70952535,150.3761198,
925,NSW,Wentworth Park LR,Pyrmont Bridge,Rd,Path,-33.8742417,151.1940945,
926,NSW,Wentworth Park LR,Wattle,St,Ramp,-33.87506758,151.1935385,
927,NSW,Wentworthville,Wentworth,Ave,Stairs,-33.80686889,150.97252419999998,
928,NSW,Wentworthville,The Kingsway,,Stairs,-33.80725292,150.972304,
929,NSW,Wentworthville,Wentworth,Ave,Ramp,-33.80667668,150.971932,
930,NSW,Wentworthville,The Kingsway,,Ramp,-33.80706875,150.9718275,
931,NSW,Werrington,Victoria,Lane,Stairs,-33.759049600000004,150.7575668,
932,NSW,Werrington,Railway,St,Stairs,-33.75924963,150.7575314,
933,NSW,Werrington,Victoria,Lane,Lift,-33.75903757,150.75744540000002,
934,NSW,Werrington,Railway,St,Lift,-33.75920751,150.7574014,
935,NSW,West Ryde,Railway,Pde,Stairs,-33.80746637,151.0905793,
936,NSW,West Ryde,Railway,Pde,Lift,-33.80747159,151.09040359999997,
937,NSW,West Ryde,West,Pde,Ramp,-33.80687546,151.0901576,
938,NSW,West Ryde,West,Pde,Ramp,-33.80704425,151.0900831,
939,NSW,West Ryde,West,Pde,Stairs,-33.807467700000004,151.0899608,
940,NSW,Westmead,Railway,Pde,Stairs,-33.80836116,150.98818730000002,
941,NSW,Westmead,Alexandria,Ave,Stairs,-33.80870858,150.9878707,
942,NSW,Westmead,Railway,Pde,Ramp,-33.80819002,150.98771580000002,
943,NSW,Westmead,Alexandria,Ave,Ramp,-33.80864182,150.98765769999997,
944,NSW,Wiley Park,King Georges ,Rd,Ramp,-33.92278182,151.0680626,
945,NSW,Wiley Park,King Georges ,Rd,Ramp,-33.92270486,151.0680185,
946,NSW,Windsor,George,St,Path,-33.61362381,150.8111058,
947,NSW,Windsor,Cox,St,Path,-33.61292723,150.80902959999997,
948,NSW,Wingello,Railway,Pde,Path,-34.69233579,150.15838180000003,
949,NSW,Wingello,Sydney,St,Path,-34.69201661,150.15820580000002,
950,NSW,Wirragula,Dungog,Rd,Ramp,-32.46292679,151.7424687,
951,NSW,Wolli,Brodie Spark,Dr,Stairs,-33.92867126,151.15444319999997,
952,NSW,Wolli,Brodie Spark,Dr,Lift,-33.92868435,151.1543587,
953,NSW,Wolli,Discovery Point,Pl,Lift,-33.92884985,151.1538917,
954,NSW,Wolli,Discovery Point,Pl,Stairs,-33.92882963,151.153842,
955,NSW,Wollongong,Crown,St,Path,-34.42582725,150.8886385,
956,NSW,Wollongong,Station,St,Stairs,-34.42673344,150.88855959999998,
957,NSW,Wollongong,Station,St,Path,-34.42698795,150.88843630000002,
958,NSW,Wollongong,Crown,St,Lift,-34.42645671,150.8884344,
959,NSW,Wollongong,Crown,St,Lift,-34.42642506,150.88822009999998,
960,NSW,Wollongong,Crown,St,Path,-34.42587253,150.88821230000002,
961,NSW,Wollongong,Railway Staiton,Sq,Path,-34.42720865,150.8879475,
962,NSW,Wollongong,Railway Staiton,Sq,Ramp,-34.42679193,150.8878175,
963,NSW,Wollstonecraft,Milner,Cres,Path,-33.8315907,151.19259530000002,
964,NSW,Wollstonecraft,Shirley,Rd,Ramp,-33.83245952,151.1921823,
965,NSW,Wollstonecraft,Shirley,Rd,Path,-33.832674499999996,151.19179259999999,
966,NSW,Wollstonecraft,Milray,Ave,Path,-33.83146743,151.1915732,
967,NSW,Wombarra,Morrison,Ave,Stairs,-34.27545316,150.95367530000001,
968,NSW,Wombarra,Morrison,Ave,Stairs,-34.27530416,150.9535083,
969,NSW,Wondabyne,Wondabyne Wharf,,Ramp,-33.49202131,151.2571482,
970,NSW,Woodford,Railway,Pde,Stairs,-33.7357511,150.48219630000003,
971,NSW,Woodford,Great Western,Hwy,Ramp,-33.73546893,150.4818417,
972,NSW,Woodford,Great Western,Hwy,Ramp,-33.73526715,150.4808855,
973,NSW,Woolooware,Swan,St N,Stairs,-34.04741225,151.1437622,
974,NSW,Woolooware,Swan,St N,Lift,-34.04744884,151.1437013,
975,NSW,Woolooware,Swan,St,Stairs,-34.04769831,151.1436487,
976,NSW,Woolooware,Swan,St,Lift,-34.04765603,151.1435849,
977,NSW,Woonona,Park,Rd,Ramp,-34.34939351,150.9153897,
978,NSW,Woonona,Railway,Pde,Stairs,-34.34956158,150.91536000000002,
979,NSW,Woonona,Park,Rd,Ramp,-34.34932926,150.9151104,
980,NSW,Woy Woy,Blackwall,Rd,Path,-33.48597397,151.324352,
981,NSW,Woy Woy,Railway,St,Ramp,-33.48527377,151.3237255,
982,NSW,Woy Woy,Railway,St,Lift,-33.48585711,151.3233847,
983,NSW,Woy Woy,Railway,St,Stairs,-33.48597825,151.3232156,
984,NSW,Wyee,Wyee,Rd,Ramp,-33.17984054,151.48723999999999,
985,NSW,Wyee,Gorokan,Rd,Stairs,-33.180164000000005,151.48685659999998,
986,NSW,Wynyard,Carrington,St,Stairs,-33.86553906,151.2063145,1.0
987,NSW,Wynyard,Carrington,St,Stairs,-33.86583394,151.2062822,1.0
988,NSW,Wynyard,Carrington,St,Path,-33.86572268,151.206269,1.0
989,NSW,Wynyard,Carrington,St,Lift,-33.86570502,151.20610269999997,1.0
990,NSW,Wynyard,York,St,Stairs,-33.86566282,151.2059726,3.0
991,NSW,Wynyard,York,St,Stairs,-33.86575654,151.2059633,3.0
992,NSW,Wynyard,York,St,Path,-33.86560119,151.2055201,3.0
993,NSW,Wynyard,Jamison,St,Path,-33.86445369,151.20531609999998,
994,NSW,Wynyard,Clarence,St,Lift,-33.86572968,151.20507990000002,4.0
995,NSW,Wynyard,Clarence,St,Path,-33.86564376,151.2050042,4.0
996,NSW,Wynyard,Clarence,St,Stairs,-33.86562889,151.2048,4.0
997,NSW,Wynyard,Napoleon,St,Path,-33.86524696,151.20397,
998,NSW,Wynyard,Napoleon,St,Lift,-33.86534132,151.203967,
999,NSW,Wyong,Howarth,St,Stairs,-33.28508373,151.4255992,
1000,NSW,Wyong,Howarth,St,Lift,-33.2853325,151.4255494,
1001,NSW,Wyong,Pacific,Hwy,Lift,-33.28524935,151.4252208,
1002,NSW,Wyong,Pacific,Hwy,Stairs,-33.2853225,151.42515869999997,
1003,NSW,Yagoona,Hume,Hwy,Path,-33.90733106,151.0246767,
1004,NSW,Yennora,Railway,St,Stairs,-33.86488282,150.97104,
1005,NSW,Yennora,Nelson,Rd,Stairs,-33.86462082,150.9709456,
1006,NSW,Yennora,Railway,St,Stairs,-33.86498836,150.9708084,
1007,NSW,Yennora,Railway,St,Ramp,-33.86502912,150.97071619999997,
1008,NSW,Yerrinbool,Old Hume,Hwy,Path,-34.37159251,150.54344809999998,
1009,NSW,Zig Zag,Bells,Rd,Stairs,-33.47184198,150.20211940000002,
